<?xml version="1.0" encoding="utf-8" ?>
<component name="category_screen"
  extends="Group"
  >
  <script type="text/brightscript" uri="pkg:/components/screens/category_screen.brs" />
  <interface>
    <field id="category_selected"
		    type="assocarray"
		    alias="category_list.itemSelected"
        />
    <function name="updateConfig" />
  </interface>
  <children>
    <!-- color="0x000000" -->
    <Label
      translation="[75, 150]"
        id="env"
        font="font:LargeBoldSystemFont"
        text="PICK A CATEGORY:"/>
    <RadioButtonList
      id="category_list"
      translation="[100, 200]"
      itemSize="[400,48]"
    >
  </RadioButtonList>
  </children>
</component>
